"Subject","Session","Set","Rep","PV"
1,"CLU_1",1,"Rep1",0
2,"CLU_1",1,"Rep1",0
3,"CLU_1",1,"Rep1",0
4,"CLU_1",1,"Rep1",0
5,"CLU_1",1,"Rep1",0
6,"CLU_1",1,"Rep1",0
7,"CLU_1",1,"Rep1",0
8,"CLU_1",1,"Rep1",0
9,"CLU_1",1,"Rep1",0
10,"CLU_1",1,"Rep1",0
11,"CLU_1",1,"Rep1",0
12,"CLU_1",1,"Rep1",0
13,"CLU_1",1,"Rep1",0
14,"CLU_1",1,"Rep1",0
15,"CLU_1",1,"Rep1",0
16,"CLU_1",1,"Rep1",0
17,"CLU_1",1,"Rep1",0
18,"CLU_1",1,"Rep1",0
19,"CLU_1",1,"Rep1",0
20,"CLU_1",1,"Rep1",0
1,"CLU_1",1,"Rep2",-3.082859353
2,"CLU_1",1,"Rep2",-4.570134252
3,"CLU_1",1,"Rep2",-2.505661755
4,"CLU_1",1,"Rep2",2.900838143
5,"CLU_1",1,"Rep2",-0.176421211
6,"CLU_1",1,"Rep2",-1.725551208
7,"CLU_1",1,"Rep2",-6.888026469
8,"CLU_1",1,"Rep2",-2.02784885
9,"CLU_1",1,"Rep2",0.093830952
10,"CLU_1",1,"Rep2",-1.5693500440000001
11,"CLU_1",1,"Rep2",-4.482032867
12,"CLU_1",1,"Rep2",-1.723445829
13,"CLU_1",1,"Rep2",-3.318122262
14,"CLU_1",1,"Rep2",8.181851107
15,"CLU_1",1,"Rep2",3.907015449
16,"CLU_1",1,"Rep2",3.971959269
17,"CLU_1",1,"Rep2",-2.501999789
18,"CLU_1",1,"Rep2",2.499470263
19,"CLU_1",1,"Rep2",-0.482929808
20,"CLU_1",1,"Rep2",-2.760209995
1,"CLU_1",1,"Rep3",1.782465765
2,"CLU_1",1,"Rep3",-5.325908973
3,"CLU_1",1,"Rep3",-3.354097856
4,"CLU_1",1,"Rep3",1.900704199
5,"CLU_1",1,"Rep3",1.508515525
6,"CLU_1",1,"Rep3",-5.679121746
7,"CLU_1",1,"Rep3",-3.33455173
8,"CLU_1",1,"Rep3",0.557743092
9,"CLU_1",1,"Rep3",0.118165489
10,"CLU_1",1,"Rep3",-1.860284283
11,"CLU_1",1,"Rep3",-1.126505573
12,"CLU_1",1,"Rep3",-1.443003757
13,"CLU_1",1,"Rep3",-2.299876401
14,"CLU_1",1,"Rep3",2.247786329
15,"CLU_1",1,"Rep3",1.808353984
16,"CLU_1",1,"Rep3",-2.553280364
17,"CLU_1",1,"Rep3",-3.13376512
18,"CLU_1",1,"Rep3",1.525850632
19,"CLU_1",1,"Rep3",-2.752486535
20,"CLU_1",1,"Rep3",-1.541429304
1,"CLU_1",1,"Rep4",-0.288030895
2,"CLU_1",1,"Rep4",-1.556756247
3,"CLU_1",1,"Rep4",-3.583933736
4,"CLU_1",1,"Rep4",-0.242502139
5,"CLU_1",1,"Rep4",6.633616233
6,"CLU_1",1,"Rep4",-1.739454879
7,"CLU_1",1,"Rep4",-2.41687032
8,"CLU_1",1,"Rep4",-1.261486416
9,"CLU_1",1,"Rep4",-0.42248209
10,"CLU_1",1,"Rep4",-2.610146843
11,"CLU_1",1,"Rep4",-3.569437171
12,"CLU_1",1,"Rep4",-2.472861617
13,"CLU_1",1,"Rep4",-1.103136807
14,"CLU_1",1,"Rep4",1.785132213
15,"CLU_1",1,"Rep4",3.64108413
16,"CLU_1",1,"Rep4",-1.520461842
17,"CLU_1",1,"Rep4",-4.051521286
18,"CLU_1",1,"Rep4",1.611391376
19,"CLU_1",1,"Rep4",-1.500506502
20,"CLU_1",1,"Rep4",-1.685056823
1,"CLU_1",1,"Rep5",-1.195837094
2,"CLU_1",1,"Rep5",-4.874029682
3,"CLU_1",1,"Rep5",-4.102989749
4,"CLU_1",1,"Rep5",1.438088455
5,"CLU_1",1,"Rep5",1.959099468
6,"CLU_1",1,"Rep5",-2.027868061
7,"CLU_1",1,"Rep5",-3.227053757
8,"CLU_1",1,"Rep5",1.039488344
9,"CLU_1",1,"Rep5",-1.759478734
10,"CLU_1",1,"Rep5",-1.981904333
11,"CLU_1",1,"Rep5",-5.915463455
12,"CLU_1",1,"Rep5",-1.625220943
13,"CLU_1",1,"Rep5",-5.551224385
14,"CLU_1",1,"Rep5",3.870054946
15,"CLU_1",1,"Rep5",4.425744379
16,"CLU_1",1,"Rep5",2.104873347
17,"CLU_1",1,"Rep5",-4.273248189
18,"CLU_1",1,"Rep5",2.009607285
19,"CLU_1",1,"Rep5",0.088650591
20,"CLU_1",1,"Rep5",-2.162039022
1,"CLU_1",1,"Rep6",2.09346572
2,"CLU_1",1,"Rep6",-3.107519524
3,"CLU_1",1,"Rep6",-4.087587493
4,"CLU_1",1,"Rep6",4.031531564
5,"CLU_1",1,"Rep6",9.751565775
6,"CLU_1",1,"Rep6",-1.507228369
7,"CLU_1",1,"Rep6",-2.97805203
8,"CLU_1",1,"Rep6",-0.426120829
9,"CLU_1",1,"Rep6",-0.737374233
10,"CLU_1",1,"Rep6",-1.852193313
11,"CLU_1",1,"Rep6",-4.419490786
12,"CLU_1",1,"Rep6",-2.446902183
13,"CLU_1",1,"Rep6",-10.35521045
14,"CLU_1",1,"Rep6",4.305253578
15,"CLU_1",1,"Rep6",2.527713437
16,"CLU_1",1,"Rep6",-0.421845363
17,"CLU_1",1,"Rep6",-0.649593088
18,"CLU_1",1,"Rep6",-0.525561495
19,"CLU_1",1,"Rep6",-1.250862375
20,"CLU_1",1,"Rep6",-1.275488629
1,"CLU_1",1,"Rep7",-4.666111627
2,"CLU_1",1,"Rep7",0.666635208
3,"CLU_1",1,"Rep7",-4.759867427
4,"CLU_1",1,"Rep7",-0.439792014
5,"CLU_1",1,"Rep7",-3.326587232
6,"CLU_1",1,"Rep7",-4.916355777
7,"CLU_1",1,"Rep7",-5.19127605
8,"CLU_1",1,"Rep7",-1.989544607
9,"CLU_1",1,"Rep7",-2.388345753
10,"CLU_1",1,"Rep7",-1.540009633
11,"CLU_1",1,"Rep7",-5.958853894
12,"CLU_1",1,"Rep7",-3.561904981
13,"CLU_1",1,"Rep7",-3.056668048
14,"CLU_1",1,"Rep7",7.607388913
15,"CLU_1",1,"Rep7",2.258419889
16,"CLU_1",1,"Rep7",-3.440285323
17,"CLU_1",1,"Rep7",-0.882800694
18,"CLU_1",1,"Rep7",0.837975706
19,"CLU_1",1,"Rep7",-0.768542198
20,"CLU_1",1,"Rep7",-1.613634153
1,"CLU_1",1,"Rep8",-7.31850967
2,"CLU_1",1,"Rep8",-2.889177264
3,"CLU_1",1,"Rep8",-5.35416631
4,"CLU_1",1,"Rep8",1.676383677
5,"CLU_1",1,"Rep8",7.44870804
6,"CLU_1",1,"Rep8",-5.120026963
7,"CLU_1",1,"Rep8",-3.14039943
8,"CLU_1",1,"Rep8",-1.796413502
9,"CLU_1",1,"Rep8",0.004802159
10,"CLU_1",1,"Rep8",-3.01426949
11,"CLU_1",1,"Rep8",-4.320640383
12,"CLU_1",1,"Rep8",-2.02608873
13,"CLU_1",1,"Rep8",-4.263653954
14,"CLU_1",1,"Rep8",8.035986546
15,"CLU_1",1,"Rep8",3.289626104
16,"CLU_1",1,"Rep8",0.301932167
17,"CLU_1",1,"Rep8",-1.720705307
18,"CLU_1",1,"Rep8",1.503043246
19,"CLU_1",1,"Rep8",-1.92994114
20,"CLU_1",1,"Rep8",-2.70130218
1,"CLU_1",1,"Rep9",-6.371828476
2,"CLU_1",1,"Rep9",-5.039143053
3,"CLU_1",1,"Rep9",-4.30818202
4,"CLU_1",1,"Rep9",-1.422421317
5,"CLU_1",1,"Rep9",5.797576268
6,"CLU_1",1,"Rep9",-3.865220626
7,"CLU_1",1,"Rep9",-4.015314685
8,"CLU_1",1,"Rep9",-2.776780079
9,"CLU_1",1,"Rep9",-2.09465865
10,"CLU_1",1,"Rep9",-2.273732837
11,"CLU_1",1,"Rep9",-4.50806713
12,"CLU_1",1,"Rep9",-3.100248018
13,"CLU_1",1,"Rep9",-3.727430269
14,"CLU_1",1,"Rep9",-1.684890488
15,"CLU_1",1,"Rep9",2.321829431
16,"CLU_1",1,"Rep9",-1.291216028
17,"CLU_1",1,"Rep9",-2.865508702
18,"CLU_1",1,"Rep9",0.929622775
19,"CLU_1",1,"Rep9",-4.747556647
20,"CLU_1",1,"Rep9",-2.180566874
1,"CLU_1",2,"Rep1",0
2,"CLU_1",2,"Rep1",0
3,"CLU_1",2,"Rep1",0
4,"CLU_1",2,"Rep1",0
5,"CLU_1",2,"Rep1",0
6,"CLU_1",2,"Rep1",0
7,"CLU_1",2,"Rep1",0
8,"CLU_1",2,"Rep1",0
9,"CLU_1",2,"Rep1",0
10,"CLU_1",2,"Rep1",0
11,"CLU_1",2,"Rep1",0
12,"CLU_1",2,"Rep1",0
13,"CLU_1",2,"Rep1",0
14,"CLU_1",2,"Rep1",0
15,"CLU_1",2,"Rep1",0
16,"CLU_1",2,"Rep1",0
17,"CLU_1",2,"Rep1",0
18,"CLU_1",2,"Rep1",0
19,"CLU_1",2,"Rep1",0
20,"CLU_1",2,"Rep1",NA
1,"CLU_1",2,"Rep2",0.470721555
2,"CLU_1",2,"Rep2",2.228485353
3,"CLU_1",2,"Rep2",-2.945342638
4,"CLU_1",2,"Rep2",-2.376798858
5,"CLU_1",2,"Rep2",0.688647913
6,"CLU_1",2,"Rep2",0.548454616
7,"CLU_1",2,"Rep2",-4.91068944
8,"CLU_1",2,"Rep2",-0.153745652
9,"CLU_1",2,"Rep2",-0.575744883
10,"CLU_1",2,"Rep2",-2.11103249
11,"CLU_1",2,"Rep2",-0.034043863
12,"CLU_1",2,"Rep2",-1.081725112
13,"CLU_1",2,"Rep2",-2.112281655
14,"CLU_1",2,"Rep2",3.40439009
15,"CLU_1",2,"Rep2",-4.084235416
16,"CLU_1",2,"Rep2",6.222840832
17,"CLU_1",2,"Rep2",0.210964646
18,"CLU_1",2,"Rep2",-0.375951068
19,"CLU_1",2,"Rep2",-2.167817078
20,"CLU_1",2,"Rep2",-0.612280169
1,"CLU_1",2,"Rep3",-2.737549823
2,"CLU_1",2,"Rep3",0.24314049
3,"CLU_1",2,"Rep3",-1.706721819
4,"CLU_1",2,"Rep3",2.16044469
5,"CLU_1",2,"Rep3",-5.983704133
6,"CLU_1",2,"Rep3",0.007174484
7,"CLU_1",2,"Rep3",-5.155213825
8,"CLU_1",2,"Rep3",-2.557496526
9,"CLU_1",2,"Rep3",-1.145591972
10,"CLU_1",2,"Rep3",-1.43289588
11,"CLU_1",2,"Rep3",0.323996391
12,"CLU_1",2,"Rep3",-2.585601827
13,"CLU_1",2,"Rep3",0.463290982
14,"CLU_1",2,"Rep3",-0.190082111
15,"CLU_1",2,"Rep3",-3.437691654
16,"CLU_1",2,"Rep3",3.247016766
17,"CLU_1",2,"Rep3",1.260320008
18,"CLU_1",2,"Rep3",-0.148126882
19,"CLU_1",2,"Rep3",-2.338555118
20,"CLU_1",2,"Rep3",-0.526851452
1,"CLU_1",2,"Rep4",-5.277289305
2,"CLU_1",2,"Rep4",-0.509481596
3,"CLU_1",2,"Rep4",-1.122483469
4,"CLU_1",2,"Rep4",1.280849583
5,"CLU_1",2,"Rep4",0.908577088
6,"CLU_1",2,"Rep4",0.162837652
7,"CLU_1",2,"Rep4",-0.691767372
8,"CLU_1",2,"Rep4",0.364517785
9,"CLU_1",2,"Rep4",0.906075984
10,"CLU_1",2,"Rep4",-0.320998562
11,"CLU_1",2,"Rep4",-0.914652141
12,"CLU_1",2,"Rep4",-0.4071113
13,"CLU_1",2,"Rep4",-0.994303046
14,"CLU_1",2,"Rep4",3.559684113
15,"CLU_1",2,"Rep4",-2.536619007
16,"CLU_1",2,"Rep4",2.798049784
17,"CLU_1",2,"Rep4",-3.195612772
18,"CLU_1",2,"Rep4",-0.887629373
19,"CLU_1",2,"Rep4",-1.648614277
20,"CLU_1",2,"Rep4",-0.081095733
1,"CLU_1",2,"Rep5",-1.986652831
2,"CLU_1",2,"Rep5",-1.35843774
3,"CLU_1",2,"Rep5",-0.009470936
4,"CLU_1",2,"Rep5",0.829172149
5,"CLU_1",2,"Rep5",3.628006082
6,"CLU_1",2,"Rep5",-2.271164035
7,"CLU_1",2,"Rep5",-4.689741063
8,"CLU_1",2,"Rep5",1.959000783
9,"CLU_1",2,"Rep5",-0.694792957
10,"CLU_1",2,"Rep5",-1.432504949
11,"CLU_1",2,"Rep5",1.679690464
12,"CLU_1",2,"Rep5",1.567516631
13,"CLU_1",2,"Rep5",-3.21697865
14,"CLU_1",2,"Rep5",-2.582278002
15,"CLU_1",2,"Rep5",-5.144419404
16,"CLU_1",2,"Rep5",0.441386354
17,"CLU_1",2,"Rep5",-4.725807771
18,"CLU_1",2,"Rep5",0.266926802
19,"CLU_1",2,"Rep5",-1.1752715
20,"CLU_1",2,"Rep5",0.239692791
1,"CLU_1",2,"Rep6",-7.914257599
2,"CLU_1",2,"Rep6",-3.277074702
3,"CLU_1",2,"Rep6",-2.772379673
4,"CLU_1",2,"Rep6",1.166018798
5,"CLU_1",2,"Rep6",6.105347925
6,"CLU_1",2,"Rep6",-3.810854671
7,"CLU_1",2,"Rep6",-3.115976864
8,"CLU_1",2,"Rep6",2.545526611
9,"CLU_1",2,"Rep6",0.131498974
10,"CLU_1",2,"Rep6",-0.73986042
11,"CLU_1",2,"Rep6",-1.604224812
12,"CLU_1",2,"Rep6",-2.800156337
13,"CLU_1",2,"Rep6",-4.197192075
14,"CLU_1",2,"Rep6",-1.119118865
15,"CLU_1",2,"Rep6",-5.453331856
16,"CLU_1",2,"Rep6",1.665116343
17,"CLU_1",2,"Rep6",0.028575558
18,"CLU_1",2,"Rep6",-2.816623139
19,"CLU_1",2,"Rep6",-2.329015826
20,"CLU_1",2,"Rep6",-1.405068508
1,"CLU_1",2,"Rep7",-0.488658594
2,"CLU_1",2,"Rep7",-2.472263492
3,"CLU_1",2,"Rep7",-2.47357165
4,"CLU_1",2,"Rep7",3.292396537
5,"CLU_1",2,"Rep7",4.01594574
6,"CLU_1",2,"Rep7",-2.019362776
7,"CLU_1",2,"Rep7",-4.60144059
8,"CLU_1",2,"Rep7",0.72694648
9,"CLU_1",2,"Rep7",-1.789052274
10,"CLU_1",2,"Rep7",-1.464865426
11,"CLU_1",2,"Rep7",-0.098864221
12,"CLU_1",2,"Rep7",-2.022869444
13,"CLU_1",2,"Rep7",-3.367419443
14,"CLU_1",2,"Rep7",-1.124517976
15,"CLU_1",2,"Rep7",-2.592234086
16,"CLU_1",2,"Rep7",6.343674906
17,"CLU_1",2,"Rep7",3.113499645
18,"CLU_1",2,"Rep7",-0.423543067
19,"CLU_1",2,"Rep7",-1.543171932
20,"CLU_1",2,"Rep7",-1.621865419
1,"CLU_1",2,"Rep8",0.866621628
2,"CLU_1",2,"Rep8",-5.749632493
3,"CLU_1",2,"Rep8",-4.521247156
4,"CLU_1",2,"Rep8",0.796750477
5,"CLU_1",2,"Rep8",6.9761114
6,"CLU_1",2,"Rep8",-0.415796085
7,"CLU_1",2,"Rep8",-2.760803004
8,"CLU_1",2,"Rep8",1.738630134
9,"CLU_1",2,"Rep8",0.511196799
10,"CLU_1",2,"Rep8",1.358749122
11,"CLU_1",2,"Rep8",-0.066085145
12,"CLU_1",2,"Rep8",-1.4300053
13,"CLU_1",2,"Rep8",-3.331564135
14,"CLU_1",2,"Rep8",6.650369143
15,"CLU_1",2,"Rep8",-5.719683255
16,"CLU_1",2,"Rep8",4.731280978
17,"CLU_1",2,"Rep8",0.833778687
18,"CLU_1",2,"Rep8",0.185171465
19,"CLU_1",2,"Rep8",-2.200158852
20,"CLU_1",2,"Rep8",-1.814929395
1,"CLU_1",2,"Rep9",1.165292891
2,"CLU_1",2,"Rep9",-5.018052826
3,"CLU_1",2,"Rep9",-3.457069136
4,"CLU_1",2,"Rep9",2.936822744
5,"CLU_1",2,"Rep9",6.328628306
6,"CLU_1",2,"Rep9",0.294107573
7,"CLU_1",2,"Rep9",-3.101033707
8,"CLU_1",2,"Rep9",0.752354319
9,"CLU_1",2,"Rep9",1.028236783
10,"CLU_1",2,"Rep9",-0.855141906
11,"CLU_1",2,"Rep9",-1.024161657
12,"CLU_1",2,"Rep9",-3.622615294
13,"CLU_1",2,"Rep9",-3.809803245
14,"CLU_1",2,"Rep9",-5.091473189
15,"CLU_1",2,"Rep9",-4.401128065
16,"CLU_1",2,"Rep9",0.575500777
17,"CLU_1",2,"Rep9",1.22271058
18,"CLU_1",2,"Rep9",-1.834890235
19,"CLU_1",2,"Rep9",-2.452771573
20,"CLU_1",2,"Rep9",-2.243353178
1,"CLU_1",3,"Rep1",0
2,"CLU_1",3,"Rep1",0
3,"CLU_1",3,"Rep1",0
4,"CLU_1",3,"Rep1",0
5,"CLU_1",3,"Rep1",0
6,"CLU_1",3,"Rep1",0
7,"CLU_1",3,"Rep1",0
8,"CLU_1",3,"Rep1",0
9,"CLU_1",3,"Rep1",0
10,"CLU_1",3,"Rep1",0
11,"CLU_1",3,"Rep1",0
12,"CLU_1",3,"Rep1",0
13,"CLU_1",3,"Rep1",0
14,"CLU_1",3,"Rep1",0
15,"CLU_1",3,"Rep1",0
16,"CLU_1",3,"Rep1",0
17,"CLU_1",3,"Rep1",0
18,"CLU_1",3,"Rep1",0
19,"CLU_1",3,"Rep1",0
20,"CLU_1",3,"Rep1",0
1,"CLU_1",3,"Rep2",-3.702549524
2,"CLU_1",3,"Rep2",2.901074056
3,"CLU_1",3,"Rep2",2.807334199
4,"CLU_1",3,"Rep2",-1.05843598
5,"CLU_1",3,"Rep2",0.879746665
6,"CLU_1",3,"Rep2",-0.145735522
7,"CLU_1",3,"Rep2",4.07488688
8,"CLU_1",3,"Rep2",-0.543638713
9,"CLU_1",3,"Rep2",1.929181099
10,"CLU_1",3,"Rep2",-1.185057085
11,"CLU_1",3,"Rep2",-0.085161975
12,"CLU_1",3,"Rep2",-1.336398082
13,"CLU_1",3,"Rep2",2.892364654
14,"CLU_1",3,"Rep2",0.074542598
15,"CLU_1",3,"Rep2",-5.220560118
16,"CLU_1",3,"Rep2",-2.047138859
17,"CLU_1",3,"Rep2",0.978735783
18,"CLU_1",3,"Rep2",-1.612153577
19,"CLU_1",3,"Rep2",-1.05267245
20,"CLU_1",3,"Rep2",-1.904470145
1,"CLU_1",3,"Rep3",1.187046569
2,"CLU_1",3,"Rep3",-2.420839038
3,"CLU_1",3,"Rep3",4.112232994
4,"CLU_1",3,"Rep3",-1.460602713
5,"CLU_1",3,"Rep3",-3.104541892
6,"CLU_1",3,"Rep3",3.371439808
7,"CLU_1",3,"Rep3",1.315642462
8,"CLU_1",3,"Rep3",-4.721469571
9,"CLU_1",3,"Rep3",0.307612776
10,"CLU_1",3,"Rep3",-0.94808071
11,"CLU_1",3,"Rep3",-0.100304202
12,"CLU_1",3,"Rep3",-1.493962428
13,"CLU_1",3,"Rep3",3.929168727
14,"CLU_1",3,"Rep3",-0.248033594
15,"CLU_1",3,"Rep3",-0.227714172
16,"CLU_1",3,"Rep3",-4.138385415
17,"CLU_1",3,"Rep3",-0.873177485
18,"CLU_1",3,"Rep3",-1.791876282
19,"CLU_1",3,"Rep3",-1.934301591
20,"CLU_1",3,"Rep3",-2.978002379
1,"CLU_1",3,"Rep4",4.183443786
2,"CLU_1",3,"Rep4",1.384134161
3,"CLU_1",3,"Rep4",-0.053016034
4,"CLU_1",3,"Rep4",-0.11705526
5,"CLU_1",3,"Rep4",-0.033568586
6,"CLU_1",3,"Rep4",-3.518687993
7,"CLU_1",3,"Rep4",3.480700554
8,"CLU_1",3,"Rep4",-0.213247461
9,"CLU_1",3,"Rep4",1.128284889
10,"CLU_1",3,"Rep4",0.404699579
11,"CLU_1",3,"Rep4",-3.759710606
12,"CLU_1",3,"Rep4",-0.351351559
13,"CLU_1",3,"Rep4",4.283272502
14,"CLU_1",3,"Rep4",-2.255603809
15,"CLU_1",3,"Rep4",-4.101893988
16,"CLU_1",3,"Rep4",-3.951784427
17,"CLU_1",3,"Rep4",-0.169660802
18,"CLU_1",3,"Rep4",1.695142871
19,"CLU_1",3,"Rep4",-1.267804878
20,"CLU_1",3,"Rep4",-4.65210289
1,"CLU_1",3,"Rep5",-6.289401942
2,"CLU_1",3,"Rep5",-2.501273463
3,"CLU_1",3,"Rep5",1.213520032
4,"CLU_1",3,"Rep5",-6.456606689
5,"CLU_1",3,"Rep5",-3.590926205
6,"CLU_1",3,"Rep5",-1.547027714
7,"CLU_1",3,"Rep5",-0.465675084
8,"CLU_1",3,"Rep5",-1.791870254
9,"CLU_1",3,"Rep5",3.355720027
10,"CLU_1",3,"Rep5",-1.826207397
11,"CLU_1",3,"Rep5",-0.420275129
12,"CLU_1",3,"Rep5",-2.402150797
13,"CLU_1",3,"Rep5",3.925013937
14,"CLU_1",3,"Rep5",-10.50227907
15,"CLU_1",3,"Rep5",-4.475829427
16,"CLU_1",3,"Rep5",-0.647520904
17,"CLU_1",3,"Rep5",0.18046299700000001
18,"CLU_1",3,"Rep5",0.028852156
19,"CLU_1",3,"Rep5",-4.031165848
20,"CLU_1",3,"Rep5",-2.586081778
1,"CLU_1",3,"Rep6",-7.180009147
2,"CLU_1",3,"Rep6",-0.470304233
3,"CLU_1",3,"Rep6",2.108126295
4,"CLU_1",3,"Rep6",-4.364950284
5,"CLU_1",3,"Rep6",-3.743641658
6,"CLU_1",3,"Rep6",3.50469587
7,"CLU_1",3,"Rep6",1.91019662
8,"CLU_1",3,"Rep6",-4.634797677
9,"CLU_1",3,"Rep6",1.731143537
10,"CLU_1",3,"Rep6",-1.528869942
11,"CLU_1",3,"Rep6",-1.805527853
12,"CLU_1",3,"Rep6",-1.758502241
13,"CLU_1",3,"Rep6",3.841287038
14,"CLU_1",3,"Rep6",-3.25679373
15,"CLU_1",3,"Rep6",-3.183186834
16,"CLU_1",3,"Rep6",-0.307537884
17,"CLU_1",3,"Rep6",2.93473863
18,"CLU_1",3,"Rep6",-0.074176271
19,"CLU_1",3,"Rep6",-1.784357711
20,"CLU_1",3,"Rep6",-0.907646616
1,"CLU_1",3,"Rep7",-5.723594533
2,"CLU_1",3,"Rep7",-1.837590643
3,"CLU_1",3,"Rep7",-1.873547641
4,"CLU_1",3,"Rep7",-3.59419007
5,"CLU_1",3,"Rep7",-1.364546195
6,"CLU_1",3,"Rep7",-0.492465998
7,"CLU_1",3,"Rep7",0.995214968
8,"CLU_1",3,"Rep7",0.643649037
9,"CLU_1",3,"Rep7",2.568360561
10,"CLU_1",3,"Rep7",-1.209806004
11,"CLU_1",3,"Rep7",-0.487631933
12,"CLU_1",3,"Rep7",-4.668081035
13,"CLU_1",3,"Rep7",7.184420065
14,"CLU_1",3,"Rep7",-0.918475245
15,"CLU_1",3,"Rep7",-5.701261899
16,"CLU_1",3,"Rep7",-4.721955684
17,"CLU_1",3,"Rep7",0.018098416
18,"CLU_1",3,"Rep7",-0.849827149
19,"CLU_1",3,"Rep7",-3.295648971
20,"CLU_1",3,"Rep7",-4.062444295
1,"CLU_1",3,"Rep8",-3.62144766
2,"CLU_1",3,"Rep8",-0.355087354
3,"CLU_1",3,"Rep8",1.078558693
4,"CLU_1",3,"Rep8",-1.076291063
5,"CLU_1",3,"Rep8",-2.976990872
6,"CLU_1",3,"Rep8",-2.40569971
7,"CLU_1",3,"Rep8",0.518229055
8,"CLU_1",3,"Rep8",1.134771168
9,"CLU_1",3,"Rep8",3.58734877
10,"CLU_1",3,"Rep8",-0.495372609
11,"CLU_1",3,"Rep8",-2.945215422
12,"CLU_1",3,"Rep8",-0.349453194
13,"CLU_1",3,"Rep8",2.889998001
14,"CLU_1",3,"Rep8",-6.766093609
15,"CLU_1",3,"Rep8",-3.256272143
16,"CLU_1",3,"Rep8",-3.102517787
17,"CLU_1",3,"Rep8",2.098516025
18,"CLU_1",3,"Rep8",-2.620143002
19,"CLU_1",3,"Rep8",-2.570809528
20,"CLU_1",3,"Rep8",-3.868602616
1,"CLU_1",3,"Rep9",-1.523168118
2,"CLU_1",3,"Rep9",-0.476183653
3,"CLU_1",3,"Rep9",2.683504341
4,"CLU_1",3,"Rep9",-4.503327171
5,"CLU_1",3,"Rep9",3.086629042
6,"CLU_1",3,"Rep9",-1.940367085
7,"CLU_1",3,"Rep9",0.860956354
8,"CLU_1",3,"Rep9",1.518125476
9,"CLU_1",3,"Rep9",1.205438763
10,"CLU_1",3,"Rep9",-0.911023037
11,"CLU_1",3,"Rep9",-0.681348013
12,"CLU_1",3,"Rep9",0.566585174
13,"CLU_1",3,"Rep9",4.821186271
14,"CLU_1",3,"Rep9",-0.367191318
15,"CLU_1",3,"Rep9",-4.121697423
16,"CLU_1",3,"Rep9",-8.972765984
17,"CLU_1",3,"Rep9",1.477437151
18,"CLU_1",3,"Rep9",-0.197348749
19,"CLU_1",3,"Rep9",-2.649025569
20,"CLU_1",3,"Rep9",-3.394177541
1,"CLU_3",1,"Rep1",0
2,"CLU_3",1,"Rep1",0
3,"CLU_3",1,"Rep1",0
4,"CLU_3",1,"Rep1",0
5,"CLU_3",1,"Rep1",0
6,"CLU_3",1,"Rep1",0
7,"CLU_3",1,"Rep1",0
8,"CLU_3",1,"Rep1",0
9,"CLU_3",1,"Rep1",0
10,"CLU_3",1,"Rep1",0
11,"CLU_3",1,"Rep1",0
12,"CLU_3",1,"Rep1",0
13,"CLU_3",1,"Rep1",0
14,"CLU_3",1,"Rep1",0
15,"CLU_3",1,"Rep1",0
16,"CLU_3",1,"Rep1",0
17,"CLU_3",1,"Rep1",0
18,"CLU_3",1,"Rep1",0
19,"CLU_3",1,"Rep1",0
20,"CLU_3",1,"Rep1",0
1,"CLU_3",1,"Rep2",-3.253367853
2,"CLU_3",1,"Rep2",2.213650652
3,"CLU_3",1,"Rep2",-1.172685226
4,"CLU_3",1,"Rep2",3.260718446
5,"CLU_3",1,"Rep2",5.805792353
6,"CLU_3",1,"Rep2",7.018977295
7,"CLU_3",1,"Rep2",1.621381942
8,"CLU_3",1,"Rep2",-4.15219064
9,"CLU_3",1,"Rep2",0.572694959
10,"CLU_3",1,"Rep2",-3.875980073
11,"CLU_3",1,"Rep2",-0.89312546
12,"CLU_3",1,"Rep2",-3.509990702
13,"CLU_3",1,"Rep2",1.543845079
14,"CLU_3",1,"Rep2",-2.981438915
15,"CLU_3",1,"Rep2",2.228252128
16,"CLU_3",1,"Rep2",-0.146330749
17,"CLU_3",1,"Rep2",-1.299780942
18,"CLU_3",1,"Rep2",-1.293393482
19,"CLU_3",1,"Rep2",-2.245734664
20,"CLU_3",1,"Rep2",-3.339826761
1,"CLU_3",1,"Rep3",-5.966097431
2,"CLU_3",1,"Rep3",1.971299908
3,"CLU_3",1,"Rep3",-4.980468473
4,"CLU_3",1,"Rep3",-1.177854808
5,"CLU_3",1,"Rep3",-0.906825305
6,"CLU_3",1,"Rep3",1.233725309
7,"CLU_3",1,"Rep3",-3.785303226
8,"CLU_3",1,"Rep3",-6.463141231
9,"CLU_3",1,"Rep3",-2.444203528
10,"CLU_3",1,"Rep3",-6.409258482
11,"CLU_3",1,"Rep3",-3.17800906
12,"CLU_3",1,"Rep3",-5.674763009
13,"CLU_3",1,"Rep3",-2.090308588
14,"CLU_3",1,"Rep3",-7.631727478
15,"CLU_3",1,"Rep3",1.912494877
16,"CLU_3",1,"Rep3",-0.779587861
17,"CLU_3",1,"Rep3",-3.90179497
18,"CLU_3",1,"Rep3",-2.377337709
19,"CLU_3",1,"Rep3",-6.005161823
20,"CLU_3",1,"Rep3",-4.931555567
1,"CLU_3",1,"Rep4",-3.118260692
2,"CLU_3",1,"Rep4",2.550001765
3,"CLU_3",1,"Rep4",-1.792048052
4,"CLU_3",1,"Rep4",-4.523400218
5,"CLU_3",1,"Rep4",5.948493278
6,"CLU_3",1,"Rep4",1.983411918
7,"CLU_3",1,"Rep4",-1.333575896
8,"CLU_3",1,"Rep4",-1.495869296
9,"CLU_3",1,"Rep4",-0.262982275
10,"CLU_3",1,"Rep4",-2.898863351
11,"CLU_3",1,"Rep4",1.383144338
12,"CLU_3",1,"Rep4",-1.097530137
13,"CLU_3",1,"Rep4",5.659303889
14,"CLU_3",1,"Rep4",1.798859105
15,"CLU_3",1,"Rep4",-1.270603861
16,"CLU_3",1,"Rep4",2.515013651
17,"CLU_3",1,"Rep4",-1.216552265
18,"CLU_3",1,"Rep4",-0.837402947
19,"CLU_3",1,"Rep4",-3.188240193
20,"CLU_3",1,"Rep4",-0.485854566
1,"CLU_3",1,"Rep5",-7.301918385
2,"CLU_3",1,"Rep5",0.939036603
3,"CLU_3",1,"Rep5",-4.216950452
4,"CLU_3",1,"Rep5",-1.836649382
5,"CLU_3",1,"Rep5",4.068942415
6,"CLU_3",1,"Rep5",3.771830409
7,"CLU_3",1,"Rep5",-3.794334797
8,"CLU_3",1,"Rep5",-4.924403409
9,"CLU_3",1,"Rep5",0.276058454
10,"CLU_3",1,"Rep5",-3.021663507
11,"CLU_3",1,"Rep5",-0.593578072
12,"CLU_3",1,"Rep5",-3.304369063
13,"CLU_3",1,"Rep5",4.163735464
14,"CLU_3",1,"Rep5",-3.997333029
15,"CLU_3",1,"Rep5",-0.188748748
16,"CLU_3",1,"Rep5",-1.54732388
17,"CLU_3",1,"Rep5",-3.847126567
18,"CLU_3",1,"Rep5",-1.169605623
19,"CLU_3",1,"Rep5",-6.501887041
20,"CLU_3",1,"Rep5",-4.112734442
1,"CLU_3",1,"Rep6",-12.10865173
2,"CLU_3",1,"Rep6",1.121089785
3,"CLU_3",1,"Rep6",-6.712201493
4,"CLU_3",1,"Rep6",-4.502639687
5,"CLU_3",1,"Rep6",4.930971476
6,"CLU_3",1,"Rep6",3.594916761
7,"CLU_3",1,"Rep6",-4.969557156
8,"CLU_3",1,"Rep6",-7.730922584
9,"CLU_3",1,"Rep6",-3.161309514
10,"CLU_3",1,"Rep6",-6.780041315
11,"CLU_3",1,"Rep6",-4.808969581
12,"CLU_3",1,"Rep6",-6.730563058
13,"CLU_3",1,"Rep6",2.450367769
14,"CLU_3",1,"Rep6",-7.471181417
15,"CLU_3",1,"Rep6",-2.582817534
16,"CLU_3",1,"Rep6",-4.881800258
17,"CLU_3",1,"Rep6",-2.933149727
18,"CLU_3",1,"Rep6",-5.358639979
19,"CLU_3",1,"Rep6",-6.933408719
20,"CLU_3",1,"Rep6",-4.1127344
1,"CLU_3",1,"Rep7",0.141815352
2,"CLU_3",1,"Rep7",3.219367557
3,"CLU_3",1,"Rep7",-3.400883525
4,"CLU_3",1,"Rep7",0.58885695
5,"CLU_3",1,"Rep7",2.936045398
6,"CLU_3",1,"Rep7",0.446954343
7,"CLU_3",1,"Rep7",-2.20852004
8,"CLU_3",1,"Rep7",-3.958018337
9,"CLU_3",1,"Rep7",-2.167259436
10,"CLU_3",1,"Rep7",-2.186145977
11,"CLU_3",1,"Rep7",1.317282626
12,"CLU_3",1,"Rep7",-2.112321241
13,"CLU_3",1,"Rep7",5.180719977
14,"CLU_3",1,"Rep7",-0.743003509
15,"CLU_3",1,"Rep7",0.925481081
16,"CLU_3",1,"Rep7",0.341280389
17,"CLU_3",1,"Rep7",1.370171919
18,"CLU_3",1,"Rep7",0.432838806
19,"CLU_3",1,"Rep7",-2.95886434
20,"CLU_3",1,"Rep7",-1.78446178
1,"CLU_3",1,"Rep8",-2.400379432
2,"CLU_3",1,"Rep8",4.568011733
3,"CLU_3",1,"Rep8",-4.263150406
4,"CLU_3",1,"Rep8",-3.643003419
5,"CLU_3",1,"Rep8",5.603562197
6,"CLU_3",1,"Rep8",1.308171459
7,"CLU_3",1,"Rep8",-0.078918723
8,"CLU_3",1,"Rep8",-4.302125152
9,"CLU_3",1,"Rep8",-2.499894505
10,"CLU_3",1,"Rep8",-4.068172062
11,"CLU_3",1,"Rep8",-3.317426835
12,"CLU_3",1,"Rep8",-6.363645979
13,"CLU_3",1,"Rep8",4.89740959
14,"CLU_3",1,"Rep8",-2.34485574
15,"CLU_3",1,"Rep8",-0.331322019
16,"CLU_3",1,"Rep8",-4.715979813
17,"CLU_3",1,"Rep8",-2.02989501
18,"CLU_3",1,"Rep8",-0.85154028
19,"CLU_3",1,"Rep8",-5.469670947
20,"CLU_3",1,"Rep8",-6.852440492
1,"CLU_3",1,"Rep9",-17.03707586
2,"CLU_3",1,"Rep9",0.212612973
3,"CLU_3",1,"Rep9",-8.49240195
4,"CLU_3",1,"Rep9",-5.047110435
5,"CLU_3",1,"Rep9",4.858102919
6,"CLU_3",1,"Rep9",1.763911373
7,"CLU_3",1,"Rep9",-4.058443723
8,"CLU_3",1,"Rep9",-5.934236311
9,"CLU_3",1,"Rep9",-3.395847193
10,"CLU_3",1,"Rep9",-6.849173254
11,"CLU_3",1,"Rep9",-8.026902162
12,"CLU_3",1,"Rep9",-5.472506699
13,"CLU_3",1,"Rep9",-0.545102893
14,"CLU_3",1,"Rep9",-5.01554297
15,"CLU_3",1,"Rep9",-2.285426708
16,"CLU_3",1,"Rep9",-5.248364577
17,"CLU_3",1,"Rep9",-3.496758361
18,"CLU_3",1,"Rep9",-6.521398601
19,"CLU_3",1,"Rep9",-8.975066701
20,"CLU_3",1,"Rep9",-9.492933987
1,"CLU_3",2,"Rep1",0
2,"CLU_3",2,"Rep1",0
3,"CLU_3",2,"Rep1",0
4,"CLU_3",2,"Rep1",0
5,"CLU_3",2,"Rep1",0
6,"CLU_3",2,"Rep1",0
7,"CLU_3",2,"Rep1",0
8,"CLU_3",2,"Rep1",0
9,"CLU_3",2,"Rep1",0
10,"CLU_3",2,"Rep1",0
11,"CLU_3",2,"Rep1",0
12,"CLU_3",2,"Rep1",0
13,"CLU_3",2,"Rep1",0
14,"CLU_3",2,"Rep1",0
15,"CLU_3",2,"Rep1",0
16,"CLU_3",2,"Rep1",0
17,"CLU_3",2,"Rep1",0
18,"CLU_3",2,"Rep1",0
19,"CLU_3",2,"Rep1",0
20,"CLU_3",2,"Rep1",0
1,"CLU_3",2,"Rep2",-3.410484298
2,"CLU_3",2,"Rep2",1.132134361
3,"CLU_3",2,"Rep2",-0.654461812
4,"CLU_3",2,"Rep2",-3.300649785
5,"CLU_3",2,"Rep2",7.591946189
6,"CLU_3",2,"Rep2",1.704094307
7,"CLU_3",2,"Rep2",3.509560721
8,"CLU_3",2,"Rep2",-2.802887412
9,"CLU_3",2,"Rep2",-2.958715312
10,"CLU_3",2,"Rep2",-3.697622468
11,"CLU_3",2,"Rep2",-2.159411785
12,"CLU_3",2,"Rep2",-2.99993864
13,"CLU_3",2,"Rep2",-1.674407857
14,"CLU_3",2,"Rep2",-10.20557303
15,"CLU_3",2,"Rep2",1.614770039
16,"CLU_3",2,"Rep2",-0.476685534
17,"CLU_3",2,"Rep2",2.117108721
18,"CLU_3",2,"Rep2",1.406649038
19,"CLU_3",2,"Rep2",-4.79300685
20,"CLU_3",2,"Rep2",-2.062004534
1,"CLU_3",2,"Rep3",-11.59826564
2,"CLU_3",2,"Rep3",0.605243623
3,"CLU_3",2,"Rep3",-5.351683104
4,"CLU_3",2,"Rep3",-2.614974524
5,"CLU_3",2,"Rep3",4.197711343
6,"CLU_3",2,"Rep3",1.046255241
7,"CLU_3",2,"Rep3",-0.102360173
8,"CLU_3",2,"Rep3",-4.061183556
9,"CLU_3",2,"Rep3",-4.135856941
10,"CLU_3",2,"Rep3",-4.885204559
11,"CLU_3",2,"Rep3",-4.373391797
12,"CLU_3",2,"Rep3",-5.71226263
13,"CLU_3",2,"Rep3",-7.605036203
14,"CLU_3",2,"Rep3",-6.830278488
15,"CLU_3",2,"Rep3",-1.455828734
16,"CLU_3",2,"Rep3",-3.75175672
17,"CLU_3",2,"Rep3",-0.549231538
18,"CLU_3",2,"Rep3",-2.680357488
19,"CLU_3",2,"Rep3",-3.829558066
20,"CLU_3",2,"Rep3",-7.778025687
1,"CLU_3",2,"Rep4",-6.896640965
2,"CLU_3",2,"Rep4",0.848406153
3,"CLU_3",2,"Rep4",0.564889309
4,"CLU_3",2,"Rep4",-1.711342648
5,"CLU_3",2,"Rep4",3.788678894
6,"CLU_3",2,"Rep4",1.198219397
7,"CLU_3",2,"Rep4",0.332000322
8,"CLU_3",2,"Rep4",-1.937587989
9,"CLU_3",2,"Rep4",-2.68328773
10,"CLU_3",2,"Rep4",-1.262317193
11,"CLU_3",2,"Rep4",1.568836512
12,"CLU_3",2,"Rep4",0.540945398
13,"CLU_3",2,"Rep4",0.462664703
14,"CLU_3",2,"Rep4",-6.48410363
15,"CLU_3",2,"Rep4",3.315989015
16,"CLU_3",2,"Rep4",-1.55508372
17,"CLU_3",2,"Rep4",2.258151964
18,"CLU_3",2,"Rep4",-0.032745472
19,"CLU_3",2,"Rep4",-0.177604442
20,"CLU_3",2,"Rep4",-1.152343231
1,"CLU_3",2,"Rep5",-7.498241471
2,"CLU_3",2,"Rep5",-1.054198247
3,"CLU_3",2,"Rep5",-0.80159604
4,"CLU_3",2,"Rep5",-6.12362165
5,"CLU_3",2,"Rep5",2.262417997
6,"CLU_3",2,"Rep5",-4.197823484
7,"CLU_3",2,"Rep5",-1.531798678
8,"CLU_3",2,"Rep5",-1.429627496
9,"CLU_3",2,"Rep5",-3.085966885
10,"CLU_3",2,"Rep5",-3.647856467
11,"CLU_3",2,"Rep5",-4.873552164
12,"CLU_3",2,"Rep5",-3.787737857
13,"CLU_3",2,"Rep5",-5.452368738
14,"CLU_3",2,"Rep5",-9.066142715
15,"CLU_3",2,"Rep5",-2.141029862
16,"CLU_3",2,"Rep5",-2.682476187
17,"CLU_3",2,"Rep5",-0.863585681
18,"CLU_3",2,"Rep5",-0.569178576
19,"CLU_3",2,"Rep5",-3.423763092
20,"CLU_3",2,"Rep5",-6.915643109
1,"CLU_3",2,"Rep6",-10.87016495
2,"CLU_3",2,"Rep6",-4.933175454
3,"CLU_3",2,"Rep6",-5.777166913
4,"CLU_3",2,"Rep6",-8.202677163
5,"CLU_3",2,"Rep6",5.023323714
6,"CLU_3",2,"Rep6",-5.406258591
7,"CLU_3",2,"Rep6",-2.183009793
8,"CLU_3",2,"Rep6",-4.910447842
9,"CLU_3",2,"Rep6",-3.785308049
10,"CLU_3",2,"Rep6",-6.028574122
11,"CLU_3",2,"Rep6",-3.981642242
12,"CLU_3",2,"Rep6",-4.758985158
13,"CLU_3",2,"Rep6",-6.946531821
14,"CLU_3",2,"Rep6",-9.95456423
15,"CLU_3",2,"Rep6",-2.818511422
16,"CLU_3",2,"Rep6",-5.320150116
17,"CLU_3",2,"Rep6",-3.973010027
18,"CLU_3",2,"Rep6",-1.975024044
19,"CLU_3",2,"Rep6",-5.704159876
20,"CLU_3",2,"Rep6",-6.782051599
1,"CLU_3",2,"Rep7",-3.518972181
2,"CLU_3",2,"Rep7",-2.610651454
3,"CLU_3",2,"Rep7",-1.852126352
4,"CLU_3",2,"Rep7",-3.325111961
5,"CLU_3",2,"Rep7",7.839290517
6,"CLU_3",2,"Rep7",-4.0616871
7,"CLU_3",2,"Rep7",-1.791764511
8,"CLU_3",2,"Rep7",0.81137788
9,"CLU_3",2,"Rep7",0.108807069
10,"CLU_3",2,"Rep7",-0.367906784
11,"CLU_3",2,"Rep7",0.64935222
12,"CLU_3",2,"Rep7",-1.276490887
13,"CLU_3",2,"Rep7",-1.976749328
14,"CLU_3",2,"Rep7",-9.351999615
15,"CLU_3",2,"Rep7",-2.69924154
16,"CLU_3",2,"Rep7",-1.360311803
17,"CLU_3",2,"Rep7",3.077351366
18,"CLU_3",2,"Rep7",0.040027824
19,"CLU_3",2,"Rep7",-1.358432616
20,"CLU_3",2,"Rep7",-2.847716391
1,"CLU_3",2,"Rep8",-9.815824221
2,"CLU_3",2,"Rep8",-6.442348345
3,"CLU_3",2,"Rep8",-0.493369731
4,"CLU_3",2,"Rep8",-6.039312048
5,"CLU_3",2,"Rep8",3.85356689
6,"CLU_3",2,"Rep8",1.358338584
7,"CLU_3",2,"Rep8",-1.22172954
8,"CLU_3",2,"Rep8",-1.414733844
9,"CLU_3",2,"Rep8",-3.512153739
10,"CLU_3",2,"Rep8",-5.206617156
11,"CLU_3",2,"Rep8",-3.385503718
12,"CLU_3",2,"Rep8",-2.005462049
13,"CLU_3",2,"Rep8",-1.404967833
14,"CLU_3",2,"Rep8",-6.148946921
15,"CLU_3",2,"Rep8",-1.928051581
16,"CLU_3",2,"Rep8",-3.931489751
17,"CLU_3",2,"Rep8",3.778187356
18,"CLU_3",2,"Rep8",-0.661036655
19,"CLU_3",2,"Rep8",-2.861583687
20,"CLU_3",2,"Rep8",-8.757976247
1,"CLU_3",2,"Rep9",-16.01391916
2,"CLU_3",2,"Rep9",-2.257044698
3,"CLU_3",2,"Rep9",-5.969000877
4,"CLU_3",2,"Rep9",-7.879987553
5,"CLU_3",2,"Rep9",4.525849078
6,"CLU_3",2,"Rep9",-2.624341185
7,"CLU_3",2,"Rep9",-3.750847691
8,"CLU_3",2,"Rep9",-2.742388746
9,"CLU_3",2,"Rep9",-4.291317754
10,"CLU_3",2,"Rep9",-6.387655621
11,"CLU_3",2,"Rep9",-7.007905136
12,"CLU_3",2,"Rep9",-4.618976333
13,"CLU_3",2,"Rep9",-5.11222864
14,"CLU_3",2,"Rep9",-6.193583235
15,"CLU_3",2,"Rep9",-7.164577101
16,"CLU_3",2,"Rep9",-7.769654567
17,"CLU_3",2,"Rep9",0.527330414
18,"CLU_3",2,"Rep9",-5.48391228
19,"CLU_3",2,"Rep9",-8.136415498
20,"CLU_3",2,"Rep9",-12.05234849
1,"CLU_3",3,"Rep1",0
2,"CLU_3",3,"Rep1",0
3,"CLU_3",3,"Rep1",0
4,"CLU_3",3,"Rep1",0
5,"CLU_3",3,"Rep1",0
6,"CLU_3",3,"Rep1",0
7,"CLU_3",3,"Rep1",0
8,"CLU_3",3,"Rep1",0
9,"CLU_3",3,"Rep1",0
10,"CLU_3",3,"Rep1",0
11,"CLU_3",3,"Rep1",0
12,"CLU_3",3,"Rep1",0
13,"CLU_3",3,"Rep1",0
14,"CLU_3",3,"Rep1",0
15,"CLU_3",3,"Rep1",0
16,"CLU_3",3,"Rep1",0
17,"CLU_3",3,"Rep1",0
18,"CLU_3",3,"Rep1",0
19,"CLU_3",3,"Rep1",0
20,"CLU_3",3,"Rep1",0
1,"CLU_3",3,"Rep2",5.40380842
2,"CLU_3",3,"Rep2",-1.054367349
3,"CLU_3",3,"Rep2",1.557798702
4,"CLU_3",3,"Rep2",-0.643089798
5,"CLU_3",3,"Rep2",-3.757207601
6,"CLU_3",3,"Rep2",1.01682423
7,"CLU_3",3,"Rep2",0.314002691
8,"CLU_3",3,"Rep2",-0.917271819
9,"CLU_3",3,"Rep2",-2.296020769
10,"CLU_3",3,"Rep2",-1.342048317
11,"CLU_3",3,"Rep2",-3.012694618
12,"CLU_3",3,"Rep2",-3.603458685
13,"CLU_3",3,"Rep2",-2.336226096
14,"CLU_3",3,"Rep2",-1.310769487
15,"CLU_3",3,"Rep2",-1.351202631
16,"CLU_3",3,"Rep2",0.324057759
17,"CLU_3",3,"Rep2",0.42187497
18,"CLU_3",3,"Rep2",-1.643237266
19,"CLU_3",3,"Rep2",-4.114121459
20,"CLU_3",3,"Rep2",-0.776234399
1,"CLU_3",3,"Rep3",-3.338331698
2,"CLU_3",3,"Rep3",-1.183062668
3,"CLU_3",3,"Rep3",-1.677985657
4,"CLU_3",3,"Rep3",-1.054140708
5,"CLU_3",3,"Rep3",1.173606177
6,"CLU_3",3,"Rep3",-1.0447241
7,"CLU_3",3,"Rep3",1.523614583
8,"CLU_3",3,"Rep3",-1.417567782
9,"CLU_3",3,"Rep3",-3.450147433
10,"CLU_3",3,"Rep3",-2.999498394
11,"CLU_3",3,"Rep3",-6.440709549
12,"CLU_3",3,"Rep3",-3.500985018
13,"CLU_3",3,"Rep3",-3.283600152
14,"CLU_3",3,"Rep3",-4.587639727
15,"CLU_3",3,"Rep3",-1.659401491
16,"CLU_3",3,"Rep3",-6.812699428
17,"CLU_3",3,"Rep3",-1.648940907
18,"CLU_3",3,"Rep3",-4.204509365
19,"CLU_3",3,"Rep3",-6.375824204
20,"CLU_3",3,"Rep3",-5.546640254
1,"CLU_3",3,"Rep4",-0.388367374
2,"CLU_3",3,"Rep4",1.989568906
3,"CLU_3",3,"Rep4",3.247838683
4,"CLU_3",3,"Rep4",-3.693339705
5,"CLU_3",3,"Rep4",-4.45239585
6,"CLU_3",3,"Rep4",-2.798200502
7,"CLU_3",3,"Rep4",0.46696356
8,"CLU_3",3,"Rep4",-0.318321416
9,"CLU_3",3,"Rep4",-1.538784155
10,"CLU_3",3,"Rep4",-1.951040975
11,"CLU_3",3,"Rep4",-1.844142709
12,"CLU_3",3,"Rep4",0.055804458
13,"CLU_3",3,"Rep4",-3.338616175
14,"CLU_3",3,"Rep4",-5.208797932
15,"CLU_3",3,"Rep4",-1.913324136
16,"CLU_3",3,"Rep4",-4.934394346
17,"CLU_3",3,"Rep4",3.723167407
18,"CLU_3",3,"Rep4",-1.140247917
19,"CLU_3",3,"Rep4",-4.648772677
20,"CLU_3",3,"Rep4",-0.627235108
1,"CLU_3",3,"Rep5",-3.204546468
2,"CLU_3",3,"Rep5",-1.190817087
3,"CLU_3",3,"Rep5",-1.576919354
4,"CLU_3",3,"Rep5",-4.493424252
5,"CLU_3",3,"Rep5",-2.776173678
6,"CLU_3",3,"Rep5",-1.550441835
7,"CLU_3",3,"Rep5",-2.66405e-4
8,"CLU_3",3,"Rep5",-2.670371927
9,"CLU_3",3,"Rep5",-3.797850256
10,"CLU_3",3,"Rep5",-2.123553055
11,"CLU_3",3,"Rep5",-8.218567877
12,"CLU_3",3,"Rep5",-0.547668128
13,"CLU_3",3,"Rep5",-10.64904478
14,"CLU_3",3,"Rep5",-7.087834925
15,"CLU_3",3,"Rep5",-1.886861354
16,"CLU_3",3,"Rep5",-4.502691658
17,"CLU_3",3,"Rep5",3.010773775
18,"CLU_3",3,"Rep5",-3.444178934
19,"CLU_3",3,"Rep5",-5.445000567
20,"CLU_3",3,"Rep5",-3.227079871
1,"CLU_3",3,"Rep6",-6.882190956
2,"CLU_3",3,"Rep6",-3.968160171
3,"CLU_3",3,"Rep6",-3.468438751
4,"CLU_3",3,"Rep6",-7.739372957
5,"CLU_3",3,"Rep6",-2.960454962
6,"CLU_3",3,"Rep6",-7.551868987
7,"CLU_3",3,"Rep6",-4.951669693
8,"CLU_3",3,"Rep6",-8.315228814
9,"CLU_3",3,"Rep6",-4.720329231
10,"CLU_3",3,"Rep6",-4.020439895
11,"CLU_3",3,"Rep6",-9.775231057
12,"CLU_3",3,"Rep6",-0.640013584
13,"CLU_3",3,"Rep6",-10.37326649
14,"CLU_3",3,"Rep6",-6.134144502
15,"CLU_3",3,"Rep6",-6.197943607
16,"CLU_3",3,"Rep6",-4.885946107
17,"CLU_3",3,"Rep6",-1.169559063
18,"CLU_3",3,"Rep6",-3.559422553
19,"CLU_3",3,"Rep6",-9.106468816
20,"CLU_3",3,"Rep6",-7.837200775
1,"CLU_3",3,"Rep7",-3.005150731
2,"CLU_3",3,"Rep7",-3.633038494
3,"CLU_3",3,"Rep7",-0.18146805
4,"CLU_3",3,"Rep7",-4.133870586
5,"CLU_3",3,"Rep7",4.919823422
6,"CLU_3",3,"Rep7",-7.816700462
7,"CLU_3",3,"Rep7",-2.445020669
8,"CLU_3",3,"Rep7",-0.286741272
9,"CLU_3",3,"Rep7",-1.638237956
10,"CLU_3",3,"Rep7",-0.834254553
11,"CLU_3",3,"Rep7",-2.787235019
12,"CLU_3",3,"Rep7",-0.402646045
13,"CLU_3",3,"Rep7",-3.37813276
14,"CLU_3",3,"Rep7",-3.504476724
15,"CLU_3",3,"Rep7",0.676326666
16,"CLU_3",3,"Rep7",-2.039852687
17,"CLU_3",3,"Rep7",1.112762736
18,"CLU_3",3,"Rep7",1.442824351
19,"CLU_3",3,"Rep7",-1.360682812
20,"CLU_3",3,"Rep7",-2.746415493
1,"CLU_3",3,"Rep8",-3.125613182
2,"CLU_3",3,"Rep8",-3.279651892
3,"CLU_3",3,"Rep8",-1.811058269
4,"CLU_3",3,"Rep8",-7.901651852
5,"CLU_3",3,"Rep8",3.737685257
6,"CLU_3",3,"Rep8",-10.18332214
7,"CLU_3",3,"Rep8",3.181852492
8,"CLU_3",3,"Rep8",-1.246423777
9,"CLU_3",3,"Rep8",-3.370378803
10,"CLU_3",3,"Rep8",-1.917030071
11,"CLU_3",3,"Rep8",-6.743531826
12,"CLU_3",3,"Rep8",-3.885906693
13,"CLU_3",3,"Rep8",-3.63668945
14,"CLU_3",3,"Rep8",-2.654802893
15,"CLU_3",3,"Rep8",-1.117539772
16,"CLU_3",3,"Rep8",-3.667841866
17,"CLU_3",3,"Rep8",3.561778677
18,"CLU_3",3,"Rep8",-3.987944507
19,"CLU_3",3,"Rep8",-5.927860916
20,"CLU_3",3,"Rep8",-7.219298956
1,"CLU_3",3,"Rep9",-12.32869916
2,"CLU_3",3,"Rep9",-6.08745209
3,"CLU_3",3,"Rep9",-7.427066886
4,"CLU_3",3,"Rep9",-9.111813913
5,"CLU_3",3,"Rep9",1.362852402
6,"CLU_3",3,"Rep9",-6.802440239
7,"CLU_3",3,"Rep9",-0.906665009
8,"CLU_3",3,"Rep9",-5.929239031
9,"CLU_3",3,"Rep9",-4.319584381
10,"CLU_3",3,"Rep9",-5.711988646
11,"CLU_3",3,"Rep9",-10.09144927
12,"CLU_3",3,"Rep9",-3.571981793
13,"CLU_3",3,"Rep9",-6.591543265
14,"CLU_3",3,"Rep9",-6.975529094
15,"CLU_3",3,"Rep9",-9.065328554
16,"CLU_3",3,"Rep9",-3.183626848
17,"CLU_3",3,"Rep9",-4.164037646
18,"CLU_3",3,"Rep9",-3.247531502
19,"CLU_3",3,"Rep9",-8.41488168
20,"CLU_3",3,"Rep9",-7.483726268
1,"TRAD",1,"Rep1",0
2,"TRAD",1,"Rep1",0
3,"TRAD",1,"Rep1",0
4,"TRAD",1,"Rep1",0
5,"TRAD",1,"Rep1",0
6,"TRAD",1,"Rep1",0
7,"TRAD",1,"Rep1",0
8,"TRAD",1,"Rep1",0
9,"TRAD",1,"Rep1",0
10,"TRAD",1,"Rep1",0
11,"TRAD",1,"Rep1",0
12,"TRAD",1,"Rep1",0
13,"TRAD",1,"Rep1",0
14,"TRAD",1,"Rep1",0
15,"TRAD",1,"Rep1",0
16,"TRAD",1,"Rep1",0
17,"TRAD",1,"Rep1",0
18,"TRAD",1,"Rep1",0
19,"TRAD",1,"Rep1",0
20,"TRAD",1,"Rep1",0
1,"TRAD",1,"Rep2",0.10707185
2,"TRAD",1,"Rep2",-1.510336897
3,"TRAD",1,"Rep2",4.953182328
4,"TRAD",1,"Rep2",3.134958777
5,"TRAD",1,"Rep2",1.131774713
6,"TRAD",1,"Rep2",0.202471422
7,"TRAD",1,"Rep2",2.577898415
8,"TRAD",1,"Rep2",-5.24147892
9,"TRAD",1,"Rep2",-0.707775978
10,"TRAD",1,"Rep2",-0.340451194
11,"TRAD",1,"Rep2",2.842674857
12,"TRAD",1,"Rep2",-1.583556113
13,"TRAD",1,"Rep2",3.125593244
14,"TRAD",1,"Rep2",-9.854223068
15,"TRAD",1,"Rep2",5.63730672
16,"TRAD",1,"Rep2",-6.882875534
17,"TRAD",1,"Rep2",-5.434236792
18,"TRAD",1,"Rep2",-1.381627732
19,"TRAD",1,"Rep2",-0.253967673
20,"TRAD",1,"Rep2",-2.8938354
1,"TRAD",1,"Rep3",-6.642758368
2,"TRAD",1,"Rep3",0.560773898
3,"TRAD",1,"Rep3",-3.898824587
4,"TRAD",1,"Rep3",-1.093757744
5,"TRAD",1,"Rep3",-6.726723668
6,"TRAD",1,"Rep3",-0.50583456
7,"TRAD",1,"Rep3",2.287742413
8,"TRAD",1,"Rep3",-7.053737509
9,"TRAD",1,"Rep3",-0.200465287
10,"TRAD",1,"Rep3",-4.919116409
11,"TRAD",1,"Rep3",0.216666032
12,"TRAD",1,"Rep3",-4.375807009
13,"TRAD",1,"Rep3",-1.537688328
14,"TRAD",1,"Rep3",-6.692202422
15,"TRAD",1,"Rep3",-0.688017018
16,"TRAD",1,"Rep3",-3.98972382
17,"TRAD",1,"Rep3",-0.25749706
18,"TRAD",1,"Rep3",-3.182503415
19,"TRAD",1,"Rep3",-2.311188163
20,"TRAD",1,"Rep3",-3.1659702
1,"TRAD",1,"Rep4",-2.512452305
2,"TRAD",1,"Rep4",-4.342107272
3,"TRAD",1,"Rep4",-5.125322368
4,"TRAD",1,"Rep4",-7.091337244
5,"TRAD",1,"Rep4",-8.581946709
6,"TRAD",1,"Rep4",-1.092285365
7,"TRAD",1,"Rep4",-0.756057589
8,"TRAD",1,"Rep4",-9.735191992
9,"TRAD",1,"Rep4",-4.490057421
10,"TRAD",1,"Rep4",-2.080456754
11,"TRAD",1,"Rep4",-1.406447948
12,"TRAD",1,"Rep4",-5.729763399
13,"TRAD",1,"Rep4",-3.353651478
14,"TRAD",1,"Rep4",-4.677902399
15,"TRAD",1,"Rep4",-0.062124587
16,"TRAD",1,"Rep4",-9.610357757
17,"TRAD",1,"Rep4",-2.548471735
18,"TRAD",1,"Rep4",-3.772519843
19,"TRAD",1,"Rep4",-4.495483977
20,"TRAD",1,"Rep4",-3.3980001
1,"TRAD",1,"Rep5",-8.163566438
2,"TRAD",1,"Rep5",-4.837114794
3,"TRAD",1,"Rep5",-3.481363947
4,"TRAD",1,"Rep5",-3.845223536
5,"TRAD",1,"Rep5",5.847282931
6,"TRAD",1,"Rep5",-1.160760609
7,"TRAD",1,"Rep5",-1.572603174
8,"TRAD",1,"Rep5",-12.42998681
9,"TRAD",1,"Rep5",-2.957607403
10,"TRAD",1,"Rep5",-1.971515505
11,"TRAD",1,"Rep5",-1.780038552
12,"TRAD",1,"Rep5",-5.896393693
13,"TRAD",1,"Rep5",-5.359873621
14,"TRAD",1,"Rep5",-7.601374468
15,"TRAD",1,"Rep5",0.406202794
16,"TRAD",1,"Rep5",-8.650121579
17,"TRAD",1,"Rep5",-1.024551478
18,"TRAD",1,"Rep5",-4.3655166
19,"TRAD",1,"Rep5",-8.277918947
20,"TRAD",1,"Rep5",-4.4473122
1,"TRAD",1,"Rep6",-7.844148032
2,"TRAD",1,"Rep6",-3.757757549
3,"TRAD",1,"Rep6",-2.009966445
4,"TRAD",1,"Rep6",-5.939968712
5,"TRAD",1,"Rep6",-5.16739063
6,"TRAD",1,"Rep6",-2.130543277
7,"TRAD",1,"Rep6",-3.610853783
8,"TRAD",1,"Rep6",-8.713548595
9,"TRAD",1,"Rep6",-5.557748795
10,"TRAD",1,"Rep6",-3.302541049
11,"TRAD",1,"Rep6",-5.598536472
12,"TRAD",1,"Rep6",-4.881881172
13,"TRAD",1,"Rep6",-8.726363372
14,"TRAD",1,"Rep6",-6.95772469
15,"TRAD",1,"Rep6",-3.388368809
16,"TRAD",1,"Rep6",-9.115146135
17,"TRAD",1,"Rep6",-5.470367718
18,"TRAD",1,"Rep6",-5.060155965
19,"TRAD",1,"Rep6",-9.441906953
20,"TRAD",1,"Rep6",-3.8563556
1,"TRAD",1,"Rep7",-9.00902733
2,"TRAD",1,"Rep7",-2.47749696
3,"TRAD",1,"Rep7",-1.890068172
4,"TRAD",1,"Rep7",-6.856234398
5,"TRAD",1,"Rep7",-0.892080169
6,"TRAD",1,"Rep7",-1.988938739
7,"TRAD",1,"Rep7",-6.828239083
8,"TRAD",1,"Rep7",-9.465038423
9,"TRAD",1,"Rep7",-5.964010382
10,"TRAD",1,"Rep7",-3.864164125
11,"TRAD",1,"Rep7",-4.932432959
12,"TRAD",1,"Rep7",-4.809136705
13,"TRAD",1,"Rep7",-7.37009457
14,"TRAD",1,"Rep7",-5.548250181
15,"TRAD",1,"Rep7",-3.132668286
16,"TRAD",1,"Rep7",-12.81157926
17,"TRAD",1,"Rep7",-5.267751993
18,"TRAD",1,"Rep7",-5.29462344
19,"TRAD",1,"Rep7",-11.68987766
20,"TRAD",1,"Rep7",-6.6649788
1,"TRAD",1,"Rep8",-11.83361489
2,"TRAD",1,"Rep8",-6.882826453
3,"TRAD",1,"Rep8",-5.566773184
4,"TRAD",1,"Rep8",-5.254357981
5,"TRAD",1,"Rep8",-7.661859742
6,"TRAD",1,"Rep8",-2.249606025
7,"TRAD",1,"Rep8",-2.408040668
8,"TRAD",1,"Rep8",-10.74651195
9,"TRAD",1,"Rep8",-7.855991578
10,"TRAD",1,"Rep8",-4.283678001
11,"TRAD",1,"Rep8",-7.500260394
12,"TRAD",1,"Rep8",-5.833787986
13,"TRAD",1,"Rep8",-12.49757441
14,"TRAD",1,"Rep8",-8.938456351
15,"TRAD",1,"Rep8",-4.346072513
16,"TRAD",1,"Rep8",-12.31362744
17,"TRAD",1,"Rep8",-3.806589956
18,"TRAD",1,"Rep8",-5.753683266
19,"TRAD",1,"Rep8",-11.30910912
20,"TRAD",1,"Rep8",-6.8552801
1,"TRAD",1,"Rep9",-13.91929317
2,"TRAD",1,"Rep9",-4.42479227
3,"TRAD",1,"Rep9",-5.119745704
4,"TRAD",1,"Rep9",-9.764054173
5,"TRAD",1,"Rep9",-9.732589638
6,"TRAD",1,"Rep9",-4.205561711
7,"TRAD",1,"Rep9",-3.769613593
8,"TRAD",1,"Rep9",-10.643089
9,"TRAD",1,"Rep9",-8.232044093
10,"TRAD",1,"Rep9",-4.422811091
11,"TRAD",1,"Rep9",-6.069814916
12,"TRAD",1,"Rep9",-6.270345718
13,"TRAD",1,"Rep9",-10.00433976
14,"TRAD",1,"Rep9",-7.639504557
15,"TRAD",1,"Rep9",-4.890092453
16,"TRAD",1,"Rep9",-14.82126517
17,"TRAD",1,"Rep9",-5.708857514
18,"TRAD",1,"Rep9",-7.469419365
19,"TRAD",1,"Rep9",-12.34245382
20,"TRAD",1,"Rep9",-6.7859081
1,"TRAD",2,"Rep1",0
2,"TRAD",2,"Rep1",0
3,"TRAD",2,"Rep1",0
4,"TRAD",2,"Rep1",0
5,"TRAD",2,"Rep1",0
6,"TRAD",2,"Rep1",0
7,"TRAD",2,"Rep1",0
8,"TRAD",2,"Rep1",0
9,"TRAD",2,"Rep1",0
10,"TRAD",2,"Rep1",0
11,"TRAD",2,"Rep1",0
12,"TRAD",2,"Rep1",0
13,"TRAD",2,"Rep1",0
14,"TRAD",2,"Rep1",0
15,"TRAD",2,"Rep1",0
16,"TRAD",2,"Rep1",0
17,"TRAD",2,"Rep1",0
18,"TRAD",2,"Rep1",0
19,"TRAD",2,"Rep1",0
20,"TRAD",2,"Rep1",0
1,"TRAD",2,"Rep2",4.836736002
2,"TRAD",2,"Rep2",2.954387032
3,"TRAD",2,"Rep2",1.858132466
4,"TRAD",2,"Rep2",1.788246599
5,"TRAD",2,"Rep2",2.654786656
6,"TRAD",2,"Rep2",-3.740694839
7,"TRAD",2,"Rep2",1.066428018
8,"TRAD",2,"Rep2",-0.785340314
9,"TRAD",2,"Rep2",-2.84763916
10,"TRAD",2,"Rep2",-0.628420324
11,"TRAD",2,"Rep2",0.969943116
12,"TRAD",2,"Rep2",-1.988134161
13,"TRAD",2,"Rep2",0.82464877
14,"TRAD",2,"Rep2",0.149132497
15,"TRAD",2,"Rep2",0.226203615
16,"TRAD",2,"Rep2",-5.630603158
17,"TRAD",2,"Rep2",-1.16673713
18,"TRAD",2,"Rep2",1.989378439
19,"TRAD",2,"Rep2",-3.027661096
20,"TRAD",2,"Rep2",-1.2387379
1,"TRAD",2,"Rep3",4.607344792
2,"TRAD",2,"Rep3",0.480736474
3,"TRAD",2,"Rep3",-0.691088581
4,"TRAD",2,"Rep3",0.234215855
5,"TRAD",2,"Rep3",4.61320273
6,"TRAD",2,"Rep3",-3.070320862
7,"TRAD",2,"Rep3",-3.048944066
8,"TRAD",2,"Rep3",-3.391095525
9,"TRAD",2,"Rep3",-2.839209119
10,"TRAD",2,"Rep3",-2.147343657
11,"TRAD",2,"Rep3",-1.176737168
12,"TRAD",2,"Rep3",-2.351595195
13,"TRAD",2,"Rep3",0.444231911
14,"TRAD",2,"Rep3",2.130419647
15,"TRAD",2,"Rep3",0.003075754
16,"TRAD",2,"Rep3",-7.695793219
17,"TRAD",2,"Rep3",-0.844783112
18,"TRAD",2,"Rep3",2.042393156
19,"TRAD",2,"Rep3",-1.562232609
20,"TRAD",2,"Rep3",-7.3333405
1,"TRAD",2,"Rep4",-2.836992392
2,"TRAD",2,"Rep4",0.440030887
3,"TRAD",2,"Rep4",-1.284514154
4,"TRAD",2,"Rep4",-1.802800157
5,"TRAD",2,"Rep4",5.9676280330000004
6,"TRAD",2,"Rep4",-3.950579033
7,"TRAD",2,"Rep4",-1.68137062
8,"TRAD",2,"Rep4",-3.123003403
9,"TRAD",2,"Rep4",-4.109287619
10,"TRAD",2,"Rep4",-3.777189633
11,"TRAD",2,"Rep4",-7.174127948
12,"TRAD",2,"Rep4",-3.567864421
13,"TRAD",2,"Rep4",-3.19046402
14,"TRAD",2,"Rep4",-0.638886533
15,"TRAD",2,"Rep4",-0.715474661
16,"TRAD",2,"Rep4",-11.01152876
17,"TRAD",2,"Rep4",-2.359265201
18,"TRAD",2,"Rep4",1.536775178
19,"TRAD",2,"Rep4",-2.491931448
20,"TRAD",2,"Rep4",-6.3826372
1,"TRAD",2,"Rep5",-1.54538003
2,"TRAD",2,"Rep5",2.442073155
3,"TRAD",2,"Rep5",-5.328206334
4,"TRAD",2,"Rep5",-3.103458706
5,"TRAD",2,"Rep5",-3.907544815
6,"TRAD",2,"Rep5",-3.416855117
7,"TRAD",2,"Rep5",-0.92615865
8,"TRAD",2,"Rep5",-4.837270394
9,"TRAD",2,"Rep5",-4.951577275
10,"TRAD",2,"Rep5",-3.47421434
11,"TRAD",2,"Rep5",-4.072762081
12,"TRAD",2,"Rep5",-2.717130515
13,"TRAD",2,"Rep5",-7.10964811
14,"TRAD",2,"Rep5",1.055843512
15,"TRAD",2,"Rep5",-4.055969677
16,"TRAD",2,"Rep5",-9.837075488
17,"TRAD",2,"Rep5",-6.547696579
18,"TRAD",2,"Rep5",-0.103795277
19,"TRAD",2,"Rep5",-5.798950834
20,"TRAD",2,"Rep5",-10.997801
1,"TRAD",2,"Rep6",-9.170792536
2,"TRAD",2,"Rep6",-0.027122499
3,"TRAD",2,"Rep6",-2.804127305
4,"TRAD",2,"Rep6",-7.774581158
5,"TRAD",2,"Rep6",-2.474827736
6,"TRAD",2,"Rep6",-5.470871325
7,"TRAD",2,"Rep6",-5.520266068
8,"TRAD",2,"Rep6",-9.030233121
9,"TRAD",2,"Rep6",-6.915205221
10,"TRAD",2,"Rep6",-5.88676255
11,"TRAD",2,"Rep6",-5.852580453
12,"TRAD",2,"Rep6",-3.525364602
13,"TRAD",2,"Rep6",-9.795363103
14,"TRAD",2,"Rep6",-1.152264488
15,"TRAD",2,"Rep6",-4.0253026
16,"TRAD",2,"Rep6",-11.22487757
17,"TRAD",2,"Rep6",-6.157500425
18,"TRAD",2,"Rep6",-0.36095622
19,"TRAD",2,"Rep6",-8.266600311
20,"TRAD",2,"Rep6",-8.6234028
1,"TRAD",2,"Rep7",-8.209719117
2,"TRAD",2,"Rep7",-1.486234349
3,"TRAD",2,"Rep7",-6.00550906
4,"TRAD",2,"Rep7",-5.190798469
5,"TRAD",2,"Rep7",0.989302965
6,"TRAD",2,"Rep7",-5.911684466
7,"TRAD",2,"Rep7",-4.672218202
8,"TRAD",2,"Rep7",-8.086755073
9,"TRAD",2,"Rep7",-5.694040009
10,"TRAD",2,"Rep7",-5.789907581
11,"TRAD",2,"Rep7",-3.847895119
12,"TRAD",2,"Rep7",-5.340549391
13,"TRAD",2,"Rep7",-11.80232175
14,"TRAD",2,"Rep7",-1.884293788
15,"TRAD",2,"Rep7",-3.410016102
16,"TRAD",2,"Rep7",-13.96089442
17,"TRAD",2,"Rep7",-2.862015441
18,"TRAD",2,"Rep7",-0.90502034
19,"TRAD",2,"Rep7",-8.483056735
20,"TRAD",2,"Rep7",-9.154241452
1,"TRAD",2,"Rep8",-5.596727922
2,"TRAD",2,"Rep8",-2.530079332
3,"TRAD",2,"Rep8",-5.08201527
4,"TRAD",2,"Rep8",-6.920874669
5,"TRAD",2,"Rep8",-0.507483258
6,"TRAD",2,"Rep8",-5.613154782
7,"TRAD",2,"Rep8",-5.047496943
8,"TRAD",2,"Rep8",-7.147902627
9,"TRAD",2,"Rep8",-8.251533362
10,"TRAD",2,"Rep8",-7.320277761
11,"TRAD",2,"Rep8",-2.555636636
12,"TRAD",2,"Rep8",-4.695676865
13,"TRAD",2,"Rep8",-12.76399974
14,"TRAD",2,"Rep8",-3.554723457
15,"TRAD",2,"Rep8",-9.482052071
16,"TRAD",2,"Rep8",-13.70012008
17,"TRAD",2,"Rep8",-6.913270174
18,"TRAD",2,"Rep8",-0.816771083
19,"TRAD",2,"Rep8",-8.96106467
20,"TRAD",2,"Rep8",-11.088777
1,"TRAD",2,"Rep9",-8.477083216
2,"TRAD",2,"Rep9",-4.299462092
3,"TRAD",2,"Rep9",-8.593974895
4,"TRAD",2,"Rep9",-8.63056712
5,"TRAD",2,"Rep9",0.602196118
6,"TRAD",2,"Rep9",-8.489928295
7,"TRAD",2,"Rep9",-7.736437454
8,"TRAD",2,"Rep9",-8.038234447
9,"TRAD",2,"Rep9",-11.03849528
10,"TRAD",2,"Rep9",-7.463536783
11,"TRAD",2,"Rep9",-4.902662848
12,"TRAD",2,"Rep9",-6.824078867
13,"TRAD",2,"Rep9",-14.40690753
14,"TRAD",2,"Rep9",-3.262442495
15,"TRAD",2,"Rep9",-8.726773534
16,"TRAD",2,"Rep9",-17.38125675
17,"TRAD",2,"Rep9",-3.465030125
18,"TRAD",2,"Rep9",-4.68112043
19,"TRAD",2,"Rep9",-9.822172723
20,"TRAD",2,"Rep9",-11.7346236
1,"TRAD",3,"Rep1",0
2,"TRAD",3,"Rep1",0
3,"TRAD",3,"Rep1",0
4,"TRAD",3,"Rep1",0
5,"TRAD",3,"Rep1",0
6,"TRAD",3,"Rep1",0
7,"TRAD",3,"Rep1",0
8,"TRAD",3,"Rep1",0
9,"TRAD",3,"Rep1",0
10,"TRAD",3,"Rep1",0
11,"TRAD",3,"Rep1",0
12,"TRAD",3,"Rep1",0
13,"TRAD",3,"Rep1",0
14,"TRAD",3,"Rep1",0
15,"TRAD",3,"Rep1",0
16,"TRAD",3,"Rep1",0
17,"TRAD",3,"Rep1",0
18,"TRAD",3,"Rep1",0
19,"TRAD",3,"Rep1",0
20,"TRAD",3,"Rep1",0
1,"TRAD",3,"Rep2",0.118573248
2,"TRAD",3,"Rep2",3.072220311
3,"TRAD",3,"Rep2",-1.85695096
4,"TRAD",3,"Rep2",1.815780566
5,"TRAD",3,"Rep2",-2.590853292
6,"TRAD",3,"Rep2",1.03087642
7,"TRAD",3,"Rep2",2.584423917
8,"TRAD",3,"Rep2",-1.614538825
9,"TRAD",3,"Rep2",6.934043812
10,"TRAD",3,"Rep2",-0.211878166
11,"TRAD",3,"Rep2",2.748163535
12,"TRAD",3,"Rep2",-4.982994625
13,"TRAD",3,"Rep2",-1.771287363
14,"TRAD",3,"Rep2",-2.841175731
15,"TRAD",3,"Rep2",1.175915084
16,"TRAD",3,"Rep2",-8.677987874
17,"TRAD",3,"Rep2",2.342996461
18,"TRAD",3,"Rep2",3.153577348
19,"TRAD",3,"Rep2",2.529606058
20,"TRAD",3,"Rep2",-4.526566506
1,"TRAD",3,"Rep3",-3.496472997
2,"TRAD",3,"Rep3",5.757995011
3,"TRAD",3,"Rep3",-1.565801973
4,"TRAD",3,"Rep3",-0.899993656
5,"TRAD",3,"Rep3",-12.20182909
6,"TRAD",3,"Rep3",-1.001375713
7,"TRAD",3,"Rep3",-6.062187807
8,"TRAD",3,"Rep3",0.182900186
9,"TRAD",3,"Rep3",3.558445724
10,"TRAD",3,"Rep3",-0.274894504
11,"TRAD",3,"Rep3",1.092664586
12,"TRAD",3,"Rep3",-5.861823767
13,"TRAD",3,"Rep3",-3.25406248
14,"TRAD",3,"Rep3",1.413226512
15,"TRAD",3,"Rep3",-3.185493686
16,"TRAD",3,"Rep3",-12.50749249
17,"TRAD",3,"Rep3",1.991281791
18,"TRAD",3,"Rep3",1.40420322
19,"TRAD",3,"Rep3",-2.205858801
20,"TRAD",3,"Rep3",-1.517280221
1,"TRAD",3,"Rep4",-6.286443061
2,"TRAD",3,"Rep4",0.670507648
3,"TRAD",3,"Rep4",-6.582028062
4,"TRAD",3,"Rep4",-2.568178279
5,"TRAD",3,"Rep4",3.2065415
6,"TRAD",3,"Rep4",0.894361688
7,"TRAD",3,"Rep4",-4.778903269
8,"TRAD",3,"Rep4",-1.942009427
9,"TRAD",3,"Rep4",1.287623785
10,"TRAD",3,"Rep4",-1.065137481
11,"TRAD",3,"Rep4",0.439358949
12,"TRAD",3,"Rep4",-5.431658604
13,"TRAD",3,"Rep4",-9.384233952
14,"TRAD",3,"Rep4",-3.419655427
15,"TRAD",3,"Rep4",-1.806448633
16,"TRAD",3,"Rep4",-13.30959362
17,"TRAD",3,"Rep4",1.318473155
18,"TRAD",3,"Rep4",1.86264931
19,"TRAD",3,"Rep4",-0.518548859
20,"TRAD",3,"Rep4",-4.494033681
1,"TRAD",3,"Rep5",-6.920910589
2,"TRAD",3,"Rep5",1.515606697
3,"TRAD",3,"Rep5",-7.17280001
4,"TRAD",3,"Rep5",-3.798277559
5,"TRAD",3,"Rep5",1.502203156
6,"TRAD",3,"Rep5",1.166588125
7,"TRAD",3,"Rep5",-0.447310711
8,"TRAD",3,"Rep5",-7.05659272
9,"TRAD",3,"Rep5",2.08509043
10,"TRAD",3,"Rep5",-2.333572515
11,"TRAD",3,"Rep5",-2.22831347
12,"TRAD",3,"Rep5",-5.496720295
13,"TRAD",3,"Rep5",-8.39295743
14,"TRAD",3,"Rep5",-2.937537893
15,"TRAD",3,"Rep5",-2.942652763
16,"TRAD",3,"Rep5",-17.92015478
17,"TRAD",3,"Rep5",0.159655551
18,"TRAD",3,"Rep5",-1.035047908
19,"TRAD",3,"Rep5",-2.439776022
20,"TRAD",3,"Rep5",-5.177135546
1,"TRAD",3,"Rep6",-12.90114327
2,"TRAD",3,"Rep6",4.200891098
3,"TRAD",3,"Rep6",-5.068534568
4,"TRAD",3,"Rep6",-3.877332555
5,"TRAD",3,"Rep6",2.261296862
6,"TRAD",3,"Rep6",-0.953194043
7,"TRAD",3,"Rep6",-2.106273029
8,"TRAD",3,"Rep6",-5.56414847
9,"TRAD",3,"Rep6",-2.791993358
10,"TRAD",3,"Rep6",-2.313774128
11,"TRAD",3,"Rep6",-3.017163547
12,"TRAD",3,"Rep6",-7.33008837
13,"TRAD",3,"Rep6",-8.824257542
14,"TRAD",3,"Rep6",-2.544932373
15,"TRAD",3,"Rep6",-5.278891718
16,"TRAD",3,"Rep6",-16.81822279
17,"TRAD",3,"Rep6",-2.086353061
18,"TRAD",3,"Rep6",-0.7706152
19,"TRAD",3,"Rep6",-3.382433302
20,"TRAD",3,"Rep6",-7.259017692
1,"TRAD",3,"Rep7",-12.45599035
2,"TRAD",3,"Rep7",4.432401882
3,"TRAD",3,"Rep7",-6.012231814
4,"TRAD",3,"Rep7",-1.683622972
5,"TRAD",3,"Rep7",0.410473899
6,"TRAD",3,"Rep7",-3.248205338
7,"TRAD",3,"Rep7",-3.016229109
8,"TRAD",3,"Rep7",-5.376076424
9,"TRAD",3,"Rep7",-2.037228265
10,"TRAD",3,"Rep7",-4.773654841
11,"TRAD",3,"Rep7",-3.89620638
12,"TRAD",3,"Rep7",-6.671214668
13,"TRAD",3,"Rep7",-9.917006847
14,"TRAD",3,"Rep7",-3.193191566
15,"TRAD",3,"Rep7",-6.384357615
16,"TRAD",3,"Rep7",-19.46437337
17,"TRAD",3,"Rep7",-0.643257651
18,"TRAD",3,"Rep7",-1.155202338
19,"TRAD",3,"Rep7",-5.856520418
20,"TRAD",3,"Rep7",-9.975552282
1,"TRAD",3,"Rep8",-9.760150378
2,"TRAD",3,"Rep8",3.460849984
3,"TRAD",3,"Rep8",-7.262979826
4,"TRAD",3,"Rep8",-6.857288875
5,"TRAD",3,"Rep8",-4.61836342
6,"TRAD",3,"Rep8",-3.383959308
7,"TRAD",3,"Rep8",-2.16393818
8,"TRAD",3,"Rep8",-6.101006918
9,"TRAD",3,"Rep8",-3.512354358
10,"TRAD",3,"Rep8",-6.85665771
11,"TRAD",3,"Rep8",-2.112172309
12,"TRAD",3,"Rep8",-7.128270794
13,"TRAD",3,"Rep8",-11.51512161
14,"TRAD",3,"Rep8",-2.140978099
15,"TRAD",3,"Rep8",-11.66786895
16,"TRAD",3,"Rep8",-17.77236131
17,"TRAD",3,"Rep8",-4.230738373
18,"TRAD",3,"Rep8",-2.907086462
19,"TRAD",3,"Rep8",-6.9739847170000004
20,"TRAD",3,"Rep8",-10.73403935
1,"TRAD",3,"Rep9",-13.07138263
2,"TRAD",3,"Rep9",1.121182568
3,"TRAD",3,"Rep9",-8.602495324
4,"TRAD",3,"Rep9",-2.901211866
5,"TRAD",3,"Rep9",-0.415635954
6,"TRAD",3,"Rep9",-3.28670841
7,"TRAD",3,"Rep9",-2.628249431
8,"TRAD",3,"Rep9",-6.274916767
9,"TRAD",3,"Rep9",-1.714082759
10,"TRAD",3,"Rep9",-7.146155
11,"TRAD",3,"Rep9",-3.076812385
12,"TRAD",3,"Rep9",-8.482023211
13,"TRAD",3,"Rep9",-17.27835151
14,"TRAD",3,"Rep9",-3.368943881
15,"TRAD",3,"Rep9",-10.01688826
16,"TRAD",3,"Rep9",-18.71341805
17,"TRAD",3,"Rep9",-2.09678282
18,"TRAD",3,"Rep9",-3.780472047
19,"TRAD",3,"Rep9",-11.21754399
20,"TRAD",3,"Rep9",-11.28408021
